user_id,username,email,password
1,tquirke0,fmizen0@guardian.co.uk,sG6~3qd9IcX/oH$>
2,kdunstone1,adomney1@go.com,"bG3)(U+k""iK@"
3,sbearne2,ssaill2@geocities.com,aW3/Rw#Q
4,jmcfetridge3,pkneesha3@weather.com,aJ4!phm.>}
5,hrenhard4,gaish4@mysql.com,"jR8=,s'%h"
6,msatterlee5,fmackeogh5@senate.gov,vA3*l>vFk%
7,vhullett6,lrosbrough6@smugmug.com,"mG2&'8IU|keNj,<("
8,ccanning7,bwanjek7@ted.com,vG6{BbZ_4D
9,bcharrington8,hpeters8@addtoany.com,kL6.$uQh
10,hhadden9,hsarjant9@parallels.com,xA5_{AVmHlnf7
11,tyeldena,ctaffea@pcworld.com,pY0'GlD>b_0N'
12,jdenidgeb,amacclintonb@youtube.com,vO9/D?TbdN?k>C+
13,blavrinovc,blembrickc@admin.ch,sN4?L'l1hh
14,bcopplediked,pemerd@hugedomains.com,"wE9,eKu+q"
15,gheaselgravee,hpetworthe@nature.com,rW2*=9/%
16,rdemeterf,awreakesf@who.int,"dT4|b.9rhj5GN,lA"
17,ccuerdag,mbargg@ft.com,aE1/AtS_zu{e2qd!
18,gnewboldh,dwalchh@adobe.com,hF3=b8<6FrDJ%Auv
19,rdairtoni,bfebeni@netlog.com,"sL4%kIhB""e!Lg9"
20,igomesj,elantuffej@privacy.gov.au,sK6!*Jbmu|v
21,mswyerk,gbrettonerk@google.de,"yA1'ksp6ztJpb,"
22,mpedicanl,nyurocjkinl@sfgate.com,iT8>j@Gn
23,pillesleym,lduboism@spotify.com,iJ4%{~?'FIhh
24,canstyn,aosharkeyn@gov.uk,wD9`egr'bnHT
25,tgiereko,jtuckwello@businessweek.com,dQ7{$zV)ce)Hi
26,mkneeshap,bcaswillp@techcrunch.com,pA8!)/E(pPu%P
27,caldenq,ahendrichq@google.com.br,uQ7}EZVvCT{7cUH0
28,rkenanr,mlatheer@umn.edu,sO5~.0Q#?J'X4n'
29,fsimenets,lhedworths@npr.org,gR0$LS{wU
30,mgoundrillt,mpuntt@usatoday.com,"tE2}SY\""""I"
31,kmackleyu,abeetlesu@opensource.org,iM0<DC8b942E
32,sspurginv,cfleayv@joomla.org,xO5}MbVL|}a!=S
33,gsartenw,jhazeldenw@csmonitor.com,fD9}=/r`
34,bsinesx,fpatifieldx@usnews.com,kZ6~(~XeATE
35,myarwoody,awakey@1und1.de,kL2#pZ#cL?
36,izorzettiz,kvedekhinz@theglobeandmail.com,gR8@i{&T
37,hchellam10,nbaudi10@typepad.com,vQ9.pOpzP50~1+
38,hhenze11,wbosnell11@berkeley.edu,tF2$N30KKknkWLi
39,etittershill12,iancketill12@cnbc.com,pK4=+H(cz0Qu
40,swillwood13,lbrotherhead13@bluehost.com,cA8}>}Cn*hxI%.I
41,kdimont14,ebinley14@upenn.edu,jS4/w=BO|@u/q5/
42,mskelhorn15,bbarnett15@dailymail.co.uk,"hK3@""}r#MzY"
43,mkiff16,wciciura16@digg.com,tS6~denxc.\
44,geger17,cgirhard17@cornell.edu,oZ9!*E'#@54a14P
45,avashchenko18,dsnape18@loc.gov,eL4&C()xm{I#{
46,jbatterson19,csouthworth19@comsenz.com,"nD9\kRi|/~8}/,Ki"
47,dtraise1a,cfranceschino1a@flavors.me,vZ2?pHkZ0!5hXO'
48,goxbe1b,sewdale1b@linkedin.com,"cO3)!c%,!.h.=jYG"
49,fannell1c,bcleugh1c@storify.com,sS8(CE`2)L
50,rdanzey1d,chatto1d@exblog.jp,dN0<TYs1PAHoE7
51,wantoniat1e,dsanper1e@fastcompany.com,qT1~o(aqi
52,gguiraud1f,jclerc1f@cnbc.com,"xF1.W`3$A,zwrn{0"
53,cmarkl1g,hrogeon1g@facebook.com,bX2`yFbCG248
54,ppolleye1h,blowdiane1h@microsoft.com,wT2=``mrq|bC?V|j
55,ndambrosio1i,earcher1i@census.gov,hT9%A9h_1<tcHq
56,acarlson1j,oprofit1j@hostgator.com,"nY9(""?P}7"
57,ajills1k,lsothcott1k@si.edu,mZ3!\f2Zg%bggp
58,ahinchon1l,kmacaless1l@nps.gov,aL8{gAPSUj!
59,mdwyer1m,narlott1m@oracle.com,kT0=+Eqs'PM.
60,trosone1n,gmuat1n@simplemachines.org,xV2.dup~qx=qwR
61,ashasnan1o,kcordet1o@telegraph.co.uk,"zJ7.fCv""N0h|"
62,mmunn1p,ohoulaghan1p@spotify.com,xH5)S3OtwD
63,mhartropp1q,bgaze1q@twitter.com,oE5>\mOTTMX`~K!
64,bgirardy1r,vkestell1r@is.gd,iE1~'}'/KfX`z
65,snathon1s,skingshott1s@cisco.com,hQ2}8Gr'=&4fJ
66,jpurnell1t,msictornes1t@networkadvertising.org,"kA4,!L)}w/dG"
67,fcadney1u,mharborow1u@seesaa.net,zC2~<m3~Leuw)3>f
68,bmangenot1v,rkeilty1v@webmd.com,yJ2=\QyHeB+~vE
69,ghousen1w,dodulchonta1w@phoca.cz,nN6!3{LXJMMhM
70,dswadden1x,oburkill1x@bbc.co.uk,"zA6,N8?2ux"
71,gdenes1y,lricciardi1y@cpanel.net,"xD6""/=<#"
72,gsutworth1z,dsowman1z@wikia.com,oO4\eHqUXMDA!cf
73,tclemon20,rbettanay20@geocities.com,"oI8'k5b,k"
74,awint21,apainten21@seesaa.net,zN1@STYsPNxV$`
75,tivanishin22,vcorwood22@rakuten.co.jp,eD0>w/gN!zZyS
76,ido23,efarr23@etsy.com,mA7.eNs%0MlL
77,wbleibaum24,cwellstood24@npr.org,"xC5*kV!it!(4""2Ym"
78,nbarnewelle25,ghartwell25@usa.gov,cZ8|5Xhw%E
79,bcotherill26,tbriat26@ezinearticles.com,"dS5|Xe6n=>Z""v"
80,bdevenport27,ocockell27@pcworld.com,oW8<{hNtG<*cf%=
81,tcorps28,wjosephi28@paypal.com,wC7*S$vMkQ@yx
82,afawkes29,padolf29@wix.com,sA1{N$%J6}Si.Gst
83,dpayley2a,ablakeley2a@opera.com,"rP0'+ypu3""h"""
84,kbeceril2b,kbushe2b@mysql.com,dP7&bR2bif
85,jwankel2c,ddayley2c@com.com,lP5=*>2zW5ivg
86,nrelfe2d,ladamczewski2d@hubpages.com,nU7~w$j|o
87,rrylance2e,dtestro2e@theguardian.com,kP7>J$A_0Z'
88,gfayter2f,cshiril2f@fotki.com,gP6'Wor%+$OMaa
89,pbake2g,lmuirden2g@forbes.com,"rV1&zOIO,K~@nt"
90,aboughen2h,lskylett2h@e-recht24.de,uY5?\+0#/PYgv6RE
91,cmacnish2i,crecher2i@dagondesign.com,mF4?*#)2XN+d
92,tsalvage2j,mmailes2j@yellowbook.com,"fN3<J&""CUz7"
93,ssteenson2k,nboraston2k@macromedia.com,bJ5&i`*1A=OE_&g9
94,yboreland2l,efinnigan2l@acquirethisname.com,"wJ1%It/Y<O\=c,"
95,ctebbit2m,bgordge2m@bloomberg.com,lC2.W=0RU
96,sholtum2n,dthornthwaite2n@chronoengine.com,jS6!3'zV>vZI
97,aruperto2o,csimonel2o@uiuc.edu,"hX5&T.""zwYJ#F"
98,dillingsworth2p,dmcluckie2p@newsvine.com,"jI0(.""c<X`}r"
99,nizakof2q,lchurchward2q@bandcamp.com,kH6+%+Kc.=
100,ehantusch2r,chiddy2r@ehow.com,rJ6@?<Sn8w@8
101,ggabbot2s,sdomaschke2s@abc.net.au,sF0%!SMu5
102,rcleghorn2t,cbernucci2t@biglobe.ne.jp,nZ9).Dg{5p~8|!Yt
103,everonique2u,kspilisy2u@washingtonpost.com,jW7\VsQhjM
104,epassie2v,shanselmann2v@huffingtonpost.com,tI8/{f'W+}
105,msteedman2w,epavlishchev2w@wunderground.com,"cY0&fFmR>#"""
106,gwhithalgh2x,acranton2x@hc360.com,vB1~VJbr
107,dbrandon2y,ctrythall2y@bluehost.com,zL8!zranD
108,mherculson2z,abrittle2z@guardian.co.uk,nH4@{Z_X
109,ngandrich30,slepick30@soundcloud.com,sU6|Ek.r&JS=k=q
110,bmacarte31,ghaye31@ucla.edu,bD9*RsEZrpgb
111,mhambly32,javesque32@cisco.com,kY3?@`yI`@
112,jcheng33,lvaleri33@gnu.org,"sI0>fH""I7s"
113,clangan34,mconibeer34@prnewswire.com,rH3=)W)|o8e
114,rboud35,samsden35@ftc.gov,vT4?jH*SQ
115,tniccolls36,bgavozzi36@yandex.ru,sN6?+T#lI`eM'wIa
116,gpetrasch37,jucceli37@weibo.com,bQ4\'(Pw8r'q
117,bbroke38,fervine38@gmpg.org,uR9%eFmF
118,dknowller39,vroderham39@51.la,"yN9,pk=m."
119,lcasina3a,mmuzzi3a@i2i.jp,vL4*JOLKpdrS5q~T
120,cjaffa3b,gcawood3b@chronoengine.com,gC5~OoJDI
121,ashiers3c,awinterton3c@phpbb.com,mV4@f/u<P`2
122,kconeron3d,mwisker3d@cafepress.com,pI3@Z\@KX%E7*nh
123,crudgard3e,tbrogioni3e@comcast.net,xB3#@QgB
124,dfiddymont3f,khalliwell3f@dagondesign.com,pA8_f?dvSX
125,oingolotti3g,ptree3g@taobao.com,"xV9,Wr{$"
126,gkelby3h,slentsch3h@theguardian.com,tX9$gSQJJPA
127,tcaplis3i,dgeraldi3i@columbia.edu,jI9(F7cK.U_!Z
128,jheavy3j,hpibsworth3j@virginia.edu,gC1=X%'|
129,mcatanheira3k,lcordey3k@upenn.edu,gZ8*9\nhF
130,telphee3l,jdonaldson3l@feedburner.com,"hZ3*Fl}3""uWE"
131,csplaven3m,lhullbrook3m@google.de,"cN8""~v!h?*Xd"
132,obruinemann3n,givashechkin3n@free.fr,lO9_y'S{T+AzEAFu
133,amenichelli3o,lwinchcomb3o@bluehost.com,"cG8$qefG,r*!"
134,rmitchely3p,nchesshire3p@ebay.co.uk,vR7/6=?e
135,eallred3q,ngellan3q@mayoclinic.com,xQ3~9fYF}SB
136,jcapenor3r,gmaffin3r@unc.edu,xY3*#'6)t}
137,dhacking3s,lpragnell3s@istockphoto.com,vA0?R7\'
138,jgiannassi3t,fpickersgill3t@a8.net,sC2~>`QWsgX{$w
139,pfielder3u,wstockill3u@berkeley.edu,"uM5{5*r""tpxx\"
140,gpietrusiak3v,ibille3v@umn.edu,"nI5#,h#9h9XD+ZF6"
141,lcoote3w,raspray3w@amazon.co.uk,pS1?J=m}|qA
142,broantree3x,asorsby3x@domainmarket.com,"rR0}>P""F$V'"
143,dserck3y,nvanarsdale3y@sohu.com,mD6$*b)XfIDT?P=
144,abaskeyfield3z,apykerman3z@berkeley.edu,kC3+WxuARmN)
145,rhaddinton40,dvenditto40@nifty.com,"qV5""./<6J1p5UpB"
146,dtrood41,jpull41@csmonitor.com,iU4./kkc|W!#?j
147,gmuschette42,rgrand42@harvard.edu,tM5%g@Ssh+<Zt
148,kebbutt43,cgeill43@google.ru,"qM9/sq6""m`Jz"
149,csargison44,twittke44@nifty.com,dI3%a4vDqm
150,mflinn45,mstaintonskinn45@edublogs.org,cH8$MqSue@|
151,bandrioletti46,cimesen46@sciencedaily.com,uS9_ARqud
152,eambroziak47,blowndsbrough47@google.ru,"cD6,*#y@"
153,ldomerque48,pmatzl48@state.gov,sN7~OW+e
154,dscrase49,aprium49@slashdot.org,"cM9<""YdQuvRu"
155,cgoodlake4a,vkennaird4a@squarespace.com,"lY1,\VcZ+9"
156,adenisyuk4b,larmit4b@arstechnica.com,wB5!G3I+W
157,syoseloff4c,ablaby4c@tmall.com,uI2@lzh~v
158,bbedward4d,mfurnell4d@walmart.com,pL3=yoKqN&7aUt#o
159,lmcsarry4e,cbullerwell4e@sciencedirect.com,xN0>ce6OW$0CC
160,aborrell4f,bgibling4f@facebook.com,oT3{cNeds8EJ1Y
161,rsimkovitz4g,tdurbyn4g@plala.or.jp,xU5(U)91>!w3b
162,snixon4h,cmatura4h@harvard.edu,dT2_rg7/)3Jb
163,arogeron4i,gstacy4i@icq.com,iD9~aLn5HQHH0%
164,rescofier4j,wmiere4j@sina.com.cn,"iB2""1H""<~Ba(Y."
165,iorehead4k,zcuckson4k@cisco.com,yV6==Y&B
166,cmesser4l,wbannell4l@who.int,oN6<<ePKIv
167,hcosely4m,mclissold4m@live.com,yX9|dzHtSt
168,msleaford4n,sflaonier4n@nytimes.com,yO0}Ju\|urF
169,rleebeter4o,gbote4o@arizona.edu,qU5_Pm>bo2Yr>
170,bbluschke4p,pforcer4p@dropbox.com,aW7|axc}23qQ\~
171,clenney4q,ecerman4q@ibm.com,"oZ4_,p/B7/"
172,pcrose4r,pgrund4r@loc.gov,yT0{uImi$CtB
173,eglavin4s,tsuch4s@webeden.co.uk,"xB7{z""{oo`v4Q9o3"
174,euzelli4t,cpawellek4t@ning.com,fR6&Axtw$}bh15UF
175,ldeevey4u,mcockson4u@phpbb.com,"wA3,XmSpR'4KIv"
176,ejosum4v,osweetsur4v@skyrock.com,vT6*nd|=jna)(D\
177,lduffit4w,jrupke4w@wikia.com,"mK9*=NEgI6t"">$dn"
178,naitchison4x,vdate4x@smugmug.com,nD1@?6r/)&&
179,eminchin4y,rcuckoo4y@forbes.com,kK0|2L!*~sp}
180,tmapston4z,hafield4z@liveinternet.ru,"qK2>B!o""P`mH""7"
181,kchesnut50,pbossons50@skype.com,zA2%RNf{gfN/1h
182,takam51,ahatcher51@gmpg.org,fL4!BwBrX{
183,kcarek52,amaccall52@un.org,lN8=|yJMH`
184,gcushelly53,jholdren53@ucsd.edu,nT4=~Dm>lDpcGG=.
185,rbacke54,ltrammel54@google.com,rI5_Q@Vb(_H0Iz(q
186,msheffield55,eharry55@earthlink.net,bP1$S*dMi
187,grenish56,kmazzeo56@yahoo.com,pL2=ELAYL!I4h<
188,mbarnaby57,csher57@msn.com,jU0_Rqq&pwT#NK52
189,mshirer58,cboick58@de.vu,qH6!EC?2J2Xu?G
190,bneesham59,lberrygun59@storify.com,xY2)I`I&|*a
191,tmcneilly5a,tcurd5a@imageshack.us,rM8?_nScffpdzHhZ
192,jblockwell5b,kablewhite5b@cargocollective.com,kV5`QbBlIhD
193,lbastin5c,kgarrity5c@360.cn,zZ3@Ds34KORh
194,lwillock5d,aemmanueli5d@ning.com,zF0@nBs4
195,cfoy5e,cdahlman5e@google.it,bR3!Uiz7
196,ceaton5f,frushbrook5f@skyrock.com,"cZ0#4y8nb'X'""C"
197,ccroose5g,hwhorf5g@alexa.com,"pX1!oXQsFq',*l}"
198,gbeeze5h,emaccumeskey5h@ibm.com,"hZ1}%wK""qdn*m/h}"
199,abrenstuhl5i,lhartwell5i@ed.gov,"zM9""MBLX="
200,gdowthwaite5j,wcopo5j@cdbaby.com,rR4`~fJ3=}qjS
201,mbowich5k,wdelacourt5k@reference.com,iD8@.5U$ss'GE
202,lmacdonnell5l,cwoodyeare5l@vimeo.com,eY4(d}e!@`I}=!md
203,bcleeve5m,jvoas5m@youtube.com,"sR3{s$=,@O{/"
204,astarkey5n,dodoohaine5n@accuweather.com,zH5{?tWr
205,mkemble5o,jgodney5o@whitehouse.gov,qW0>~qMU*@{L=
206,festable5p,pguild5p@topsy.com,oE3'o9jd7
207,jgorling5q,eyeoman5q@altervista.org,mS4_\j6<
208,delsdon5r,mminigo5r@google.fr,"qL3,M3U@o=Z!"
209,sgiamelli5s,afrankiss5s@fotki.com,yB9'I|FXto
210,rcockland5t,ziacovazzi5t@comcast.net,fA1`7a14}/F
211,flelievre5u,aweathey5u@fastcompany.com,xW6*n<E9
212,jgalilee5v,mmcaughtrie5v@webs.com,"vQ8'gz,pg*>HD}*"
213,rkarolewski5w,gfake5w@sogou.com,sR4\j03\f9msO&*
214,thenrichsen5x,uminogue5x@wufoo.com,dV6(r?b2W=JH
215,jsnowsill5y,flooks5y@bandcamp.com,rN2!?#5VMW5/Q
216,lsheaf5z,rsouthernwood5z@ning.com,dU3*W2itv5CXB
217,skerslake60,dbampford60@sfgate.com,gJ0&!zCh'@
218,ccredland61,dvaar61@purevolume.com,rJ9!/R+z/
219,vpavolini62,pmaxworthy62@wordpress.com,"mE9""&%Lik!l'uY@"
220,lscourfield63,jbirts63@vistaprint.com,"zQ7#FbQ""kN"
221,aberceros64,tgabbitis64@archive.org,yS3*yn7uc
222,cpriestley65,tcasaccia65@discovery.com,"cN3(&oN$/3*1""Y1"
223,chollingsby66,gupcraft66@wiley.com,"vD5""e}Qa"
224,mnystrom67,celgie67@sfgate.com,gV9)Z2z7#g
225,arodnight68,lbondar68@dion.ne.jp,iI4|4M?W}%
226,ltupper69,ppinor69@themeforest.net,"fC5#S8a&s*&,qD'7"
227,kcrinidge6a,hgalliver6a@vimeo.com,sC4*8ViJaV*{?\4o
228,nbadsworth6b,drosenvasser6b@flickr.com,cZ4<W+(=
229,gdufty6c,wfaro6c@archive.org,aX3)n&T9
230,ipichmann6d,kklimecki6d@businesswire.com,tM2@V?kc`q
231,diveagh6e,fbantock6e@gmpg.org,sZ7\S>Z68U7<
232,cadds6f,clomb6f@xing.com,dF6?G<T>ciV
233,bsolano6g,mcarbine6g@blogspot.com,kL5%m/5b
234,dlewin6h,lkersting6h@google.es,"iM2}/WEXjM3i,C+4"
235,rgraffin6i,aelcy6i@nba.com,"zW6|Q4i<c,"
236,scheeney6j,wambrogelli6j@edublogs.org,rI4`1Qkv~ft
237,ccutmere6k,ksailor6k@timesonline.co.uk,wB9&+$b'QpL
238,kfolds6l,jharwick6l@rambler.ru,"oR3>lFiW,l'ep%f"
239,nsyncke6m,rrolls6m@twitter.com,uL2#M4'`N
240,mbiddy6n,dgrigorini6n@newyorker.com,cC1*`%uruozGMc`=
241,bbarbey6o,ctodarello6o@behance.net,yA6?$nh4t
242,dsoro6p,fmoffatt6p@eepurl.com,wI5*2}IR&qg@
243,fwharram6q,amcandrew6q@ucla.edu,wJ5!8p>s)xIXFJ
244,gsyddall6r,fbracegirdle6r@wikimedia.org,zI5'v}6#5CyG*aFA
245,daberchirder6s,cadamolli6s@godaddy.com,"qJ7/9Q8M8,(3""CD"
246,arittelmeyer6t,tgravell6t@newsvine.com,"sB9,va*L4V&nM?"
247,dcowing6u,jlearned6u@is.gd,aE0<wFi$}{
248,jengland6v,egabitis6v@samsung.com,hE1%XzpA
249,tsmittoune6w,eduddy6w@canalblog.com,cA8~*WCi
250,bgorler6x,cannes6x@sohu.com,"nE3_fK7(lr""f{p"
251,bpaulsson6y,dhollidge6y@ask.com,"iT2(@e3=Z,xUN&"
252,kackrill6z,jcadore6z@usda.gov,dO8)~eTsS$IK
253,cdaouse70,fwemyss70@upenn.edu,"xO7+hn~Ze'gk,n"
254,gaaronsohn71,llivock71@chicagotribune.com,cG8!QTVGIb)R{IB
255,agreenin72,sricardin72@plala.or.jp,lQ6'H/&u*`34=c2
256,mpudge73,mhaking73@oaic.gov.au,"hC0/ZZfNY,wo"
257,mpitsall74,ashulver74@opera.com,eU2%Zxt>DXf
258,mvoden75,dbesson75@google.nl,xV2'Il$a@
259,odorman76,bwhitlaw76@ihg.com,"iC0=eyA/SY,"
260,dvittore77,mlawlings77@jiathis.com,eS0$s.f(A
261,abattin78,jaleshkov78@cloudflare.com,pN9%>bPY{J
262,adunstan79,aprozescky79@networkadvertising.org,rB9`mH)nCl
263,dgiacomuzzo7a,wdawtry7a@e-recht24.de,"yQ9*K2""m"
264,nburgill7b,mturmell7b@opera.com,bZ9<pkbn3i
265,vshearn7c,jtroth7c@blogger.com,gP8?<w8cE6@!
266,vavrahamof7d,sleaver7d@odnoklassniki.ru,pS9@Bm@w+mNd
267,ipohling7e,aturnpenny7e@sciencedirect.com,"lR7<$hl9,90ake"
268,alikly7f,mdjordjevic7f@arstechnica.com,sJ9*GlK'r>c5jn1
269,nmaria7g,bspellesy7g@yellowbook.com,dG1(O3=bQ
270,dgoodread7h,bbartrum7h@ustream.tv,iN9>|c2IB`x
271,oferraraccio7i,eglisenan7i@ftc.gov,bJ1/t*!oC476
272,dpentony7j,scassie7j@home.pl,oV4{KhD+$K8R
273,lfitzpayn7k,bsetford7k@nhs.uk,dM8@NBrtl58
274,dwilkison7l,abrockwell7l@163.com,"pE8~,hcO<"
275,bbernhardi7m,egiblin7m@chronoengine.com,uY7\)b(_
276,lcordeux7n,dducker7n@spiegel.de,fN9~S>zG#
277,jemes7o,jjoyson7o@sbwire.com,vA9\tcRp&quNwNh5
278,fbowlesworth7p,icrenshaw7p@fema.gov,gP5%D1dt&w
279,fcrannell7q,atremoille7q@boston.com,tE7$>O%yG
280,ahawken7r,rboyse7r@ocn.ne.jp,qW8..hl2#T
281,rmiddlehurst7s,tmartland7s@lycos.com,sC9/T2CWq
282,aklemps7t,jclemett7t@oracle.com,"lN8,|~>7"
283,fgaylor7u,dgalia7u@bloglovin.com,hQ1.z<oOVm
284,chexum7v,gtewkesberrie7v@printfriendly.com,rZ0=+y'Ac&&+E_5
285,odumini7w,rmurname7w@privacy.gov.au,bL7}9L/S<
286,pstickells7x,cwear7x@usnews.com,dC3$+n&+3BW
287,jstuchbery7y,sdany7y@myspace.com,aR3!'9e{jO
288,coleszcuk7z,llittleover7z@microsoft.com,fS9/D=QKxdM
289,amaccook80,dmcgifford80@ed.gov,"rN1<F,0or!"
290,akleeman81,apeckitt81@oaic.gov.au,zJ9~S8$eS
291,dmcneely82,gpymer82@shop-pro.jp,"hR3""n!vzjD"
292,ltregidgo83,apeasegood83@oracle.com,uY4!JHE7#S3>NR
293,tmeany84,dneljes84@ustream.tv,cY4|<A|NU+aaY%O
294,llabarre85,bblazy85@earthlink.net,"uT1|,P7pXd5h_C_"
295,ccotgrove86,fmckenzie86@hibu.com,lC7/+JnIQ}nYOg
296,zkubatsch87,dlayzell87@umn.edu,uA0?5K5p?T5h
297,mdufer88,mrolfs88@washington.edu,"wC8/`,=LLc"
298,dhankard89,ffroschauer89@hao123.com,"jL0_rDWaZ#b""}gu8"
299,rarthars8a,gthunnerclef8a@hibu.com,"tK3$lhlWi""0SB{"
300,bshrieves8b,wfrise8b@tripod.com,"iO9=1Y@M,qM"
301,nkamenar8c,tbusch8c@w3.org,iC5@io(sMK
302,ksuch8d,jbeardsdale8d@biglobe.ne.jp,dG1'atHU6
303,iclancy8e,twabey8e@issuu.com,"xP0""Zba{(3X6"
304,lmcane8f,yseago8f@webmd.com,"zM9>@&~?M}\k""7/@"
305,gpassingham8g,sjustice8g@goodreads.com,"gM8%keIV#/_|""{"
306,rgallafant8h,jscard8h@about.com,pN6\lhB9
307,lmanueau8i,mpuleque8i@nps.gov,"uX3_a'L8*H""v"
308,lstanluck8j,sscoines8j@tiny.cc,sH3'f~Rm=LIGo_q.
309,ddaniellot8k,jberzon8k@redcross.org,"bU3}!9$""6&3uzBC}"
310,ehounihan8l,cluety8l@time.com,zP8(%UI)%?v
311,jmeeke8m,pjanodet8m@theglobeandmail.com,rN2|qo+K?{X
312,uwither8n,salbro8n@ed.gov,pE0{l!c?>#k
313,bdevaar8o,dletham8o@smh.com.au,mD0'B+sgS8V
314,shouselee8p,nkirkman8p@mayoclinic.com,qX3=QrfQfYuSk
315,sashdown8q,mchapelle8q@youtube.com,"iG6(iU""VBmiv~2"
316,tduffell8r,mblamire8r@wordpress.com,tZ0/nckGZV8%
317,ahalden8s,kcoult8s@deliciousdays.com,"pK8+~S{)s3&`,"
318,sdignam8t,vlerohan8t@hatena.ne.jp,yI0.vWc2
319,rmacdermand8u,pdifranceschi8u@independent.co.uk,uU8*>|QUbi#'&01w
320,tsutliff8v,ddurrance8v@typepad.com,tM6_Rqc6`)
321,rodunniom8w,pbischof8w@hostgator.com,"sU5{+E15""d'H"
322,tjaqueminet8x,eloudyan8x@netvibes.com,bM7=g+NI
323,pdebernardi8y,mcanacott8y@ovh.net,aY0&{9*x+mM
324,pkittel8z,hbartaletti8z@google.com,dH4?@>vagFVRT'
325,ohamer90,bdeclerc90@github.com,"rS0(K8WR2""8Z"
326,mmore91,hbrolan91@diigo.com,"jR8*(_TbBrH5""e"
327,gmargram92,fhaythornthwaite92@goo.gl,eY2.eYKBP!Yyp1S
328,jtillot93,jhuot93@theguardian.com,lH3!>Yte<)GAEG
329,rbeeby94,shanes94@macromedia.com,"uY6~kc""m"
330,ospurling95,tormond95@ox.ac.uk,"gY8""IK8V"
331,cpietruszka96,wwestnage96@facebook.com,gQ1&3|BbQK_x
332,smacconnal97,lbarrick97@yolasite.com,qT1&Fc!D>sxK
333,lplane98,hties98@google.co.uk,yR5&G}5sV@w
334,bmacwilliam99,lbowart99@youku.com,qB3{HzX|p
335,aranscombe9a,aheselwood9a@canalblog.com,nM5'37Fe!mrn
336,cprebble9b,jmabey9b@geocities.com,sI6~z0v?~x#B}
337,mnapton9c,mmcgannon9c@time.com,qG8{y(?c<.JrWU{I
338,anormington9d,lteaze9d@bloglovin.com,yB9=oOL\c4
339,gtickner9e,llympany9e@pen.io,"uK4'=0=~""zZK"
340,lmacgillivrie9f,sallibone9f@cnbc.com,qE7/$$N)7hM
341,dbrisley9g,mmaddams9g@jugem.jp,vX9=QPFWRsF}NL?w
342,cmcallaster9h,wjakubovics9h@hugedomains.com,jL3$E2eJ
343,dthrossell9i,jdemare9i@webmd.com,"iI7=h}rt4~+,"
344,kgreeson9j,cvanshin9j@examiner.com,eP2_G.Au8J
345,sturtle9k,faudrey9k@ustream.tv,"lC0""@hvmj|h6<\sY"
346,csiviter9l,kfaulds9l@omniture.com,jE6&P{)nxeQ@N6X0
347,rmuscott9m,sert9m@smh.com.au,gB3+)1OEy3I?+&.
348,rjefford9n,jginni9n@blinklist.com,rZ4?uh|29*
349,astentiford9o,cfirby9o@shutterfly.com,vO9<@L~'>Z
350,droberds9p,rbjorkan9p@chronoengine.com,rW2?Z\!}>t_WES
351,lcatling9q,nfuller9q@hibu.com,iG8{fqbM{
352,rhessel9r,adruitt9r@ask.com,vD0\1ZT>!yh9
353,lsteer9s,mimlen9s@google.com,"qT0'`gg""P@3)`"
354,dwestmorland9t,nsummerhayes9t@google.it,qH2_F0UCL'k
355,rhaughan9u,cchettle9u@ycombinator.com,wB7)h<0MZWX{r
356,awestcar9v,tsager9v@jiathis.com,eS5+<dgR=
357,sbeynke9w,sneilan9w@pagesperso-orange.fr,oM8!pzx<Yy1)
358,bguidera9x,tmcwhirter9x@wunderground.com,zL8?J<o?9
359,akneafsey9y,hfydo9y@friendfeed.com,wN3<&6Zy0=eOrc
360,nsummersby9z,mshellcross9z@gmpg.org,eK4{jR(6)SSls<)c
361,omartyntseva0,bpovelea0@oaic.gov.au,iO5*Cp4*`R
362,nelnougha1,owyllta1@cornell.edu,xG9{?AuS_/=9b8@K
363,qcapponeera2,kkieltya2@amazon.com,kR3/+MWNt|9(@=o
364,lharlowea3,fbesseya3@cpanel.net,jI7/=hP@
365,jziemsa4,rcolquitea4@shutterfly.com,gE6'0'!x(=5
366,jwemma5,atacklea5@vistaprint.com,mX9>ezH|i0g!h>n9
367,moxea6,mleadbittera6@ocn.ne.jp,wG5%v9G\
368,nbrounsella7,mfrushera7@jiathis.com,yB3?}8UH8i1gPWh1
369,bstanislawa8,ghazeldeana8@shareasale.com,jA5*8NZ2{j
370,frheubottoma9,cbalma9@google.pl,jL8|I?=|?Gt?Pb'
371,bsolomonidesaa,ndavleyaa@ezinearticles.com,"rC2(9\,4GJyW.Ni"
372,dsawersab,bfoulkesab@multiply.com,gR9/!qcJZkr\
373,zpegrumac,rgeggusac@angelfire.com,rO6|oC_vss
374,lmartensenad,apenrosead@webeden.co.uk,cY9#E$o'1K
375,dsimounetae,ahanfreyae@reverbnation.com,hM1(J0{ThO1DoN
376,mledstoneaf,amalenoiraf@skyrock.com,sC0(?Rqk~
377,taleksandrovag,jverricoag@fastcompany.com,"gC4?u""A_{"
378,rbampfordah,fcritophah@hp.com,tM9\pQ`blMuueC#
379,rroothamai,lpellewai@washington.edu,sU1)JC`i!vrg
380,scracoeaj,etomsonaj@walmart.com,fF7)J&~\O<
381,ksnellerak,mgeesonak@ucla.edu,nO2>@Yke2*P7E
382,mmattekal,cmckendryal@hc360.com,iO4$4YI)K
383,hchaudretam,wostleram@slashdot.org,aM0+9M/7z3
384,rmayburyan,jsollittan@webeden.co.uk,"qL5,lO@t"
385,fstrutleyao,sgreggorao@live.com,wP4`~|BayZ%Nc
386,javonap,tdunckleeap@samsung.com,"hE4""SxqCh"
387,hmateescuaq,edraneaq@google.ca,"eC5""b=7B_W0"
388,fnaular,trolloar@wordpress.org,gJ1|SSS#sGQGxBMI
389,enealeas,zjiranekas@jalbum.net,lS4.=do_SpA
390,rpadulaat,ccaldecottat@ifeng.com,fO5'6TANRFB#
391,bchaseau,kedgworthau@bing.com,"lU1|""`8+9I$"
392,pemmotav,hmadelinav@tuttocitta.it,oI1!%Lmejj`u`
393,wridgeaw,tmarmonaw@bbb.org,eU5~n3T_\rD
394,jsturrorax,egerratyax@wired.com,qD0`$\RJIcr
395,nhainesay,jbascombeay@amazon.co.jp,pY0%hWiIN
396,nhardwellaz,pmickelwrightaz@buzzfeed.com,fU6@BdC2}H
397,kbeiderbeckeb0,yworsnipb0@pen.io,fC3<.a%N6g4.9&Gh
398,hjankob1,cmcsaulb1@ihg.com,xQ7{VgQ+zeRvp
399,bdanilovb2,hciccob2@cbsnews.com,vJ8=KCS`AG
400,bbullinb3,sraimbauldb3@linkedin.com,bV6%axb5{YI
401,hpercyb4,malbertsb4@123-reg.co.uk,iM2!*SP}O<_Jv
402,epearceb5,sdoneganb5@dmoz.org,cL4{+X&gV'nB!Qql
403,noertzenb6,vspradberyb6@google.co.jp,"jF9,HSNKlYMypE,F"
404,kpesterb7,emardyb7@ft.com,lI1|OKTLbBUD+6Wu
405,mcontib8,dboomeb8@etsy.com,lF9#Wkzw
406,hairtonb9,jmacneillieb9@columbia.edu,iE9@@LMZYxp&
407,cbulledba,rkruszelnickiba@imdb.com,"mL7+iH3*=5a,"
408,kwylliebb,pmcshirriebb@aol.com,gL7}9W'XIrDsP<V
409,gtodaribc,adorseybc@is.gd,eI3|$FVhh{1g~
410,pcrowdbd,kaylwardbd@ed.gov,nA6*}p9Y|l
411,dsicelybe,jcowndenbe@jiathis.com,iY3'7i6iQ<}@_0us
412,dnewberybf,bstoterbf@miibeian.gov.cn,"cI3""8*@N*`+/QT"
413,esinkbg,ikowalbg@columbia.edu,"lQ4)j!F7""\5Qd<Y"
414,cgudgenbh,rcowgillbh@apple.com,"kF3,{9=QR3"
415,tphillinsbi,estanionbi@booking.com,tZ1)>\Jbg
416,gdalrymplebj,kbrodneckebj@theguardian.com,aK6.10lr
417,rcorpesbk,gnaulbk@mapquest.com,bD4<#vTyli
418,hborrowsbl,dcadallederbl@bbc.co.uk,lU1$>dr@
419,bjaulmebm,jghiriardellibm@cbslocal.com,cV2{('\7
420,flavalbn,egaskinbn@cargocollective.com,jU5/GNmj|q2
421,wjallinbo,rabbatibo@weebly.com,jB5'9rBezC2C
422,onorthleighbp,smaccolganbp@mediafire.com,"dC4""GBiJ_Kh"
423,clindseybq,atorrybq@naver.com,fZ1@1$1si>'(us
424,wrigdenbr,ngetcliffbr@sbwire.com,"dN2""NgS\/F\"
425,mdurnfordbs,mduigenanbs@ft.com,"dZ5>!g""P.rv|O"
426,frappabt,oterrellybt@nationalgeographic.com,iT8.7Q7'/L8P/T}H
427,lforlongebu,ihamblybu@merriam-webster.com,"cS1*,d~yq9UF`"
428,cnanninibv,atschersichbv@mediafire.com,"aC9},3A/4|<@~w"
429,ldoxseybw,tackensonbw@umn.edu,"lE5@w%?9yEb@&|""S"
430,cgiorgionebx,ksenussibx@amazon.co.uk,wH6`3rO=06bP<
431,molverby,dsinnockeby@google.cn,"eS6`N""*)S#y&"
432,kperisbz,ihanscombz@cornell.edu,eW6!onv{etTdWhN
433,wstricklandc0,crutgersc0@diigo.com,tI0&$*R<
434,mmourguec1,gsalvadoric1@bbb.org,"oJ5%C04,"
435,relcoxc2,sbrazc2@washington.edu,"iL1\15y$t"""
436,eduffusc3,llockhartc3@smh.com.au,wG5<UGv7Nr
437,gblaineyc4,hnoultonc4@tuttocitta.it,aT1?L.K7y
438,xcoytesc5,oangrickc5@dagondesign.com,kU9%N5QzC6Q)a?3
439,ipickburnc6,lilchukc6@phpbb.com,yO0<o3f#k${
440,dweinhamc7,ipetzoltc7@linkedin.com,"lA8,Vn4e2H7"
441,wlickorishc8,mrosenfeldc8@wisc.edu,xZ8=4*i|LV#Bq#}
442,fcudbirdc9,bcolumbellc9@goo.ne.jp,uK7~XB*eb\o+
443,aumplebyca,dalfonsinica@gravatar.com,cI3{%0C&L5IeM&~
444,ltollowcb,kchillcb@cbsnews.com,pU6)c|Tic
445,jmbarroncc,bcarollcc@comsenz.com,bT4=6Bb&Oe`TI
446,nmcknockitercd,hleadscd@google.com.hk,nN9?RuTX)K
447,elindsayce,ahayence@theguardian.com,"iK9=D`za,"
448,ecowndleycf,glestrangecf@craigslist.org,oJ3~FGRU+q54
449,acripwellcg,mtokecg@tmall.com,aB5_@!p_Gn<t3$
450,alaffinch,abruggemanch@spiegel.de,"uR0>\q_,sZ\Z}vw"
451,gferschkeci,tsolanoci@xrea.com,xL3|5a4_St_qA
452,bmouldercj,marmescj@shutterfly.com,aP4\*w.n
453,alegueyck,mcrowestck@upenn.edu,lS4+.54Hk_u@f
454,ghullscl,dchandlarcl@wikipedia.org,"mC7(Wbf,H%"
455,ohodjettscm,drickertcm@usda.gov,yP0*ws68f
456,glindcn,kjertzcn@delicious.com,pE1#hT}U
457,rwinserco,lprimeco@issuu.com,"oN1&,BoM{.(s"
458,cduseycp,aringrosecp@mtv.com,"jP1==""/9#,"
459,afarnabycq,lsabattiercq@ezinearticles.com,zJ4=xa>ZX?jF2H
460,darmsbycr,mmaginncr@yahoo.com,"dB7!)7j%,J"
461,araulstonecs,fblackallercs@parallels.com,sZ2~Q(v`JX3oWB
462,mmactaguect,jchansonnect@shutterfly.com,kM9'labuLbGi6
463,tblagdoncu,gpflegercu@surveymonkey.com,"xU3+""+!MCSD"
464,dmulgrewcv,swhymarkcv@cnbc.com,nP1!N>HO
465,kbiasionicw,gcraciecw@rediff.com,gG1<HAoo.{0CkHN
466,ccapponercx,dedelheitcx@elegantthemes.com,bD2'@CB}jl+a.t8
467,fhorrycy,sclitsomecy@theguardian.com,"vJ2""D7OfF7f5si~/"
468,vmattheissencz,sjanakcz@istockphoto.com,mT0_&tjQgI0URC
469,bshevlind0,jpestord0@upenn.edu,"oD4+JU+#""""5.nv`v"
470,lsiccombed1,tmordied1@yellowbook.com,"hR9'u""kJ"
471,rcartmeld2,sdeleted2@drupal.org,qC7.jReA
472,mwalpoled3,hcaped3@github.io,bY6)_DjU@e4F?ZU9
473,arozecd4,estyand4@columbia.edu,"gT6&&NzufG5Gxg,"
474,gkorbd5,ffranssend5@spiegel.de,wD7}0@$aEt_
475,cmethuend6,ipetheridged6@addthis.com,wE5*\L7K9qrdp&
476,shumbyd7,bmearingd7@adobe.com,nS7>P#<$
477,jwolversond8,arainfordd8@istockphoto.com,sG1=l{zNi>i>
478,gsulmand9,akinchind9@cdbaby.com,yB5{*TXFUt`QM@GY
479,phalwellda,mdanilchevda@cam.ac.uk,"fA7,Of#o?m("
480,mbougourddb,dphilipssondb@weibo.com,gT2@KUEF
481,gyegorovnindc,scawthradc@ihg.com,dG1'?%}&j|9.
482,vberriballdd,rboamedd@yahoo.co.jp,rI3*)>LSh'PM41Gw
483,lmoncarrde,ccaulkettde@people.com.cn,"pT0?XS,H"
484,caldertondf,isowreydf@nasa.gov,fW9/6~W_6H89UV<<
485,fginnidg,ggersondg@blogspot.com,jN8&yRGvg
486,cmacmasterdh,ccronshawdh@jalbum.net,zW8@$_'me6#sZ`6
487,cbaylesdi,cfriattdi@ebay.co.uk,vV2&Xl$)_hy5E
488,zcowderaydj,sdealmeidadj@amazon.com,bW4\a\J1h
489,sabbiedk,ggeekiedk@technorati.com,"lD6,~+<EG(6c"
490,jmcgeneaydl,kandrendl@sbwire.com,rG4\~SK3EZ|job
491,cjeffraydm,jyoulldm@issuu.com,uR1)7VW%N5o}
492,ccradydn,tcrutcherdn@msu.edu,yH5`snBle
493,sthistletondo,gathridgedo@163.com,"wY4+wWi#T"""
494,dtiptondp,odwiredp@fotki.com,"aT5?&hNI,4,"
495,brawdalldq,jbeardsdaledq@ftc.gov,eT1\T=X$w}x/XnI
496,lspirrittdr,bwoolertondr@mac.com,aN5.'x.uVCb
497,klackmannds,dchamberlinds@technorati.com,dO1`793sGj~tH}z?
498,rfluindt,wrowdt@joomla.org,"nL3,Q/W+!<"
499,chairdu,bswalwelldu@is.gd,tR2'.T.TuR
500,pmcanultydv,sbrakedv@netlog.com,jW0<.Hsg*??G5_5
501,dvickdw,swinsborrowdw@soup.io,vS6%5fnT2qaF*
502,vscuffhamdx,narboindx@mac.com,qR5`()Lb_<+#\w
503,jhuntleydy,mcritzendy@about.com,aG7}IwWb{/0
504,tamottdz,msworderdz@skype.com,tO9%p%g4w
505,khalfhidee0,vwoolatte0@taobao.com,rA9!j@ENHQ
506,npirreye1,bgirtine1@time.com,iB5!d9*/5y
507,gwaudbye2,rambroginie2@t.co,"uF9""R2<sIvc64tP"
508,hruckledgee3,msharrocke3@cocolog-nifty.com,lD0#3!If5r
509,dmcclarene4,lcouche4@booking.com,cB7>ZhEm3xP|Y7
510,ariellye5,gstirzakere5@ocn.ne.jp,xT4#7)k#br@q
511,srubrae6,dstquentine6@senate.gov,rE2&ta(xdE/<mMz
512,aburrasse7,agabrielie7@prlog.org,fG7$?591
513,chiggane8,dlamblote8@fema.gov,"aX2'N`.*,@'Eo"
514,mdearnleye9,jmourtone9@ask.com,jO2/{Yt'RW
515,mpasticznykea,kfloydea@independent.co.uk,"kC4>JM,D""f"
516,dianellieb,rmeechaneb@addtoany.com,"vV1{DN%"""
517,jmacswaydeec,cwilshereec@senate.gov,jH1`C<3O%8Ux`)\
518,dgraybealed,sminchentoned@barnesandnoble.com,kR0/ch7O
519,tklammtee,gcoulthardee@imageshack.us,vA4!H_fU=f
520,glandesef,abygraveef@comcast.net,hV9~b#TZQ%
521,bmassardeg,jbuscombeeg@geocities.com,yE4#vwNOAc0K6m
522,czoucheh,bpuntoneh@mac.com,pH9\i9N(g
523,kwestrawei,jwileei@wufoo.com,dM2$|CbO{SqY!w
524,bkidnerej,kcawleyej@boston.com,pP3<zU|yB&s9WZaB
525,jgwytherek,gsmeethek@google.com.au,kU2=0@Q}V@CqdZ`
526,hloftyel,pmacfaulel@webmd.com,vM0!bs}B'>K/3yb5
527,pmonkem,akunzem@elpais.com,yE1|MtFi+}NMb
528,qagerskowen,cgynnien@123-reg.co.uk,oO6'@M4_%PQY
529,averilloeo,mpaeckmeyereo@comsenz.com,hZ1=sZ~O/u9T/
530,acoulterep,lposselowep@behance.net,cD6+dWK#~+r
531,cdavidoueq,rjoskovitcheq@typepad.com,eP8~mDzVZAol
532,bandrzejczaker,wlidbetterer@yandex.ru,jN8\8{!ue){Qf
533,lserginsones,mdakhoves@usgs.gov,oK9)|e~L
534,bmordeyet,ghurdmanet@reuters.com,oE4<D4Z/V
535,ljereatteu,jkynfortheu@csmonitor.com,oW1&eO9v2D
536,csnoddonev,fsulmanev@ow.ly,fX7'm9)gRud#)
537,pgludorew,kleonardeew@cbsnews.com,rW2'\$cuFqkE9+(q
538,tleupoldex,mbirtchnellex@google.com.au,gT1*6{Y9!i\5
539,rfarrahey,lhauckey@last.fm,vV2%fqZ$Lq
540,uedgesonez,tbernlinez@yellowbook.com,pT3.\$d`0p{kfN=
541,dtimblettf0,jfozardf0@netvibes.com,aM3!YHj{E_Y5Q
542,iconklinf1,ggriegerf1@yolasite.com,"aV3>,Ob)0l_,"
543,mparduef2,amckellenf2@shinystat.com,aK1.#XR/R
544,cbreawoodf3,dkempef3@yellowpages.com,tR0>upF75yDIe+
545,svalancef4,ckeyself4@mapy.cz,"vS2=GWEa""et+"
546,lausherf5,holenanef5@simplemachines.org,"kJ8,8,+/9rc#*q&"
547,shandsf6,dmabeyf6@cnbc.com,zP3<u3\%
548,pwortf7,dvequaudf7@opera.com,cO3`Y\4~wkWA'V
549,bmcconachief8,rdunhamf8@1und1.de,"gS2/,FZGq4QR"
550,ffarrentf9,jchittendenf9@wix.com,mU6}oBAH`q+K
551,obaskettfa,ktolleyfa@theglobeandmail.com,jG8!>Uho
552,rmelwallfb,cphilipsenfb@bing.com,fO5/(.=_gEX
553,ilabbefc,myanukfc@vistaprint.com,qX1=U|G7Uee7aXGY
554,jheigoldfd,ggowngefd@bluehost.com,dL6?x3v2u.)Iq
555,gdiverfe,tbeestonfe@census.gov,dK6+DGhZB2dk
556,twalcherff,avanvuurenff@umn.edu,vY1_k~<8k!wUC
557,lpiercefg,amathoufg@barnesandnoble.com,qC4~p3/Nn@
558,bmussolinifh,bcasellasfh@w3.org,kP7`zK6E8Y4*d)?6
559,sbrittinfi,clingwoodfi@github.com,"wY7~1#""MPThNB"
560,abraidfordfj,hclynterfj@gmpg.org,"sE1,R!c`%\0F"
561,dnormanvillefk,kedmonsonfk@yale.edu,yK6==Aj&le*W!okU
562,ldichefl,kthorfl@thetimes.co.uk,oX7(4LMufpA0*Me
563,ccharettefm,cpoetzfm@cdbaby.com,eC2!v7z0}
564,mstintonfn,mbaserfn@webmd.com,tX4%I&VGy(T7h
565,rpolsinfo,opasqualefo@plala.or.jp,hM1?*X|Sc
566,bmaudlingfp,meymorfp@illinois.edu,yB9'gA{KPV2Ug
567,rbucklanfq,vbradefq@delicious.com,nW2&u|xzEQsaoJ
568,cemsonfr,bsyplusfr@indiegogo.com,nF3.wxZ&d*ho
569,rbrucksteinfs,eohannayfs@ucsd.edu,"dZ5&ky&OM',C,a"
570,lduthieft,ctitchmarshft@fc2.com,gA5*<2/8P
571,amccarrollfu,stomalafu@google.com,iN9=Cjyl
572,agidmanfv,finnerstonefv@hostgator.com,qE5@F!v9TIIw
573,gmacroryfw,wmcphaterfw@baidu.com,cQ8#A6gW~w4g&Z
574,trosenblathfx,erobbeyfx@boston.com,fA4+CzKZfrWB4
575,pshevillfy,eblampyfy@springer.com,"qA9?s>&F}Hb""'a("
576,cmoresbyfz,aplaidefz@amazon.de,"eB2,YxX9b7N.+Q"
577,agimbrettg0,gcalleng0@dedecms.com,eF5\o2ztRdk
578,tgrichukhanovg1,pyellepg1@google.nl,pT6`%+f?z{.JIwV
579,krickcordg2,rgerardotg2@github.com,qA3?Jqz7qZ
580,glandegg3,bvalintineg3@shinystat.com,aG3'u{<dB
581,feathorneg4,eoehmeg4@reverbnation.com,"kG2>@oUv1iee/1,"
582,csamudiog5,cdunderdaleg5@qq.com,jC8(~wA#
583,inysseng6,jlattkag6@squarespace.com,pF5|+hX4Ah2h47{
584,dcisecg7,jchilderhouseg7@freewebs.com,uX4*Uj~lDb{M
585,wfonesg8,lbrabenderg8@51.la,pU2@nRW0&
586,etongueg9,flongmaidg9@free.fr,mO2>65Zon4?2
587,ddemageardga,mclevelandga@yelp.com,"iG1(\Y,L,J"
588,cacomegb,fantoneygb@hostgator.com,xV2!p<WUCgT
589,sknellengc,lternouthgc@e-recht24.de,"xU1/u,<WB&#3$y"
590,dsawergd,cleahgd@pinterest.com,wI0`RF36<
591,nsorriege,mgoldstonge@mapy.cz,qI0}B4oJ=nBL
592,mmurnamegf,bpohlsgf@google.ca,aT5$bL>II)GE=
593,hlatchgg,shaggettgg@techcrunch.com,eG9)4yc{lsQmu.'
594,pesmeadgh,jloughrangh@gmpg.org,"uY7<@,O>~w60/*A"
595,cdericotgi,hproshgi@mashable.com,"lO6,._YRGM/y`"
596,awinskillgj,jrayltongj@studiopress.com,yJ0~lYpK3812K$vL
597,ehawtreygk,nedgertongk@java.com,oR4}u#uF'ZK(M{P
598,bscutchinggl,mleaheygl@1688.com,xI5\r`GgoSm%3l
599,trushgm,mbenfordgm@geocities.com,hR6%4q0.?!
600,ddurandgn,jmountaingn@cbslocal.com,hD2*S.FvX(uoowv
601,dkalinowskygo,dtorricellago@ifeng.com,jQ2%cf~/JncC'T
602,tlucianogp,kelkingtongp@icio.us,oZ9#~G7%x5L
603,vedbrookegq,psimgq@imgur.com,"bV3,3EAYpJOXg"
604,abutlandgr,jvalettgr@omniture.com,gY5'4j(5zJ
605,hwolfendalegs,kbulfoygs@tiny.cc,tA9=TYg|kxX7q
606,gcorcutgt,bendlegt@webmd.com,pF0`$j_l
607,ebellinigu,rmcvickergu@skype.com,lP6`J}Bt
608,nmoynihangv,mforryangv@cbslocal.com,rT8&5#EkQ6HngJ
609,abraybrookesgw,nbownesgw@wufoo.com,"dZ5<7r>!""u8K5a"
610,sstratzgx,rkapiloffgx@epa.gov,zA2?(`h9h8TlXu3
611,dbarnewallgy,cnortunengy@oracle.com,iR4~sh7*6>E13XVO
612,dcornillgz,frevansgz@w3.org,zC3}xL\0i!
613,hlebbernh0,agierathsh0@auda.org.au,kL1&md(W}
614,tlezemereh1,lperelloh1@symantec.com,"rR1|zD2TO,J?"
615,jlafondh2,hpeirazzih2@e-recht24.de,cK8!1#p(
616,jbrassh3,hmeacherh3@blinklist.com,"xN9,AEWSTI4yuN4h"
617,cfrowdeh4,djarmaineh4@wordpress.com,"yL7""I/hv9Qasth`"
618,aantonchikh5,ctointonh5@cdc.gov,"aI2""g|&~=(JgMuYn"
619,skingerbyh6,rlepereh6@weather.com,eX4_{#R$XVJN
620,jczapleh7,fcadwalladerh7@senate.gov,dE9'tzlIK95
621,sbedomeh8,chenderh8@sphinn.com,sR0~|SND%8N/
622,jbensteadh9,cwolstencrofth9@gnu.org,bV5$LJ5{`+mj)
623,afaslerha,elilburneha@nih.gov,kU2_91Am
624,ahadyehb,vmcgrealhb@tumblr.com,aG4)qo$>ch
625,ucredlandhc,scockitthc@google.com.br,"kM9}j'!,"
626,mmcsporonhd,ttearehd@mashable.com,rU0}~EUPpJQ
627,wbischophe,lcircuitthe@sakura.ne.jp,"dK6$_Ev"""
628,mbartolomeuhf,wdewberryhf@fc2.com,iT6*'ZImtg\?
629,fdjorevichg,ctorryhg@goodreads.com,gI4}%)<gTe
630,hjaggarhh,nofearguisehh@oracle.com,zP1%%N02(+mjU*
631,jgallanthi,bcantonhi@about.com,fI9$NMZPp9)n
632,lleavesleyhj,bsutlieffhj@ycombinator.com,kV6`'QyII`
633,ewhitwoodhk,fkobierahk@indiegogo.com,yW7{d2@R4ds
634,btinmouthhl,cbruninihl@buzzfeed.com,dB8'Godfp/YY`!
635,jstaneshm,kwhitmorehm@about.com,iX9<WP)32)y69|v
636,vbithanyhn,sbatecokhn@twitter.com,sF6.n!VUL>h+DhI
637,ccovottiho,tgawthorpho@storify.com,yZ8_$l~VnLNCoS28
638,jadelmanhp,ncuttinghp@washingtonpost.com,oW5)DOc~
639,pblamirehq,sseigniorhq@so-net.ne.jp,jV2$*&>8%&u72Z
640,slotheringtonhr,lvickorshr@squidoo.com,pI2}9F&9VSy9At|S
641,ndabbotdoylehs,ebarteleths@friendfeed.com,fE3`_hOi3dgbp`
642,tocriganeht,fstillgoeht@thetimes.co.uk,yC8.MM.p8xQR<rS
643,hjepphu,mmcquillenhu@columbia.edu,"xI9+@=qy""W6GA"
644,kgreenehv,jdichehv@xing.com,hB2)wq(e!\
645,sgrenvillehw,emeasorhw@delicious.com,"pD7=TvZ4*WXI)'""l"
646,kcorintonhx,cdrachehx@techcrunch.com,eR5%NE{rsLU=
647,aharrhyhy,braisonhy@tiny.cc,"zM4"".?k9B'>F#C"
648,bdablehz,rmacririehz@amazon.com,gD4'ovN=K/9u'
649,ehairsnapei0,mbiglyi0@seattletimes.com,qS4&%&7QP%zo6|sU
650,kpucketti1,dhestropi1@blogspot.com,vA6=f#~S@
651,jjozwickii2,tnorburyi2@who.int,nP2=?WJg
652,gloachei3,kingerfieldi3@umn.edu,dN9.2bu4
653,dcouseri4,rdowbiggini4@house.gov,"nW5<J8Uk~q,4"
654,akingsnoadi5,dtrematicki5@newsvine.com,"aM8`,J0tZNo#Lu"
655,bcaustoni6,krothami6@bravesites.com,pZ3<KVq`/M
656,abonhilli7,mmacneilli7@guardian.co.uk,bD6{)NlM*
657,ekeasti8,gmaulini8@usatoday.com,oL9=U(e\gG!3*X
658,dwychardi9,sdozdilli9@e-recht24.de,bP4!o0EIa4xh&XGg
659,troyalia,awildishia@tuttocitta.it,gS7\UJ\`jdz'H/
660,hamesib,gciccottioib@nps.gov,wC3?!_v@C>hz%F
661,mingonic,nalbistonic@nasa.gov,"kK2+Gi,u1t,"
662,jpietrzakid,mditchburnid@purevolume.com,iB9.5~%b
663,hstowerie,mubeeie@etsy.com,rY9*Te&=#y
664,isackeyif,bcawtherayif@latimes.com,"bQ6>8MX""ul6"
665,fcornthwaiteig,lyanovig@reddit.com,rE7<~Att4S7(%#ly
666,cyeskinih,jmcfaellih@slashdot.org,pE2<O}obt
667,smilamii,efalckii@icio.us,nR9<F6Ya
668,mhunteij,esangarij@taobao.com,mB1=j4uT
669,leeftingik,dcraighillik@deviantart.com,qL8`=+!\w#1OM
670,dtimmisil,nwainil@google.nl,hR6.'z1V%D!
671,acastanedaim,cfullaloveim@addthis.com,"gR6#""\?Ei"
672,bsayein,mwinsorin@scientificamerican.com,zR4{D~z(\N
673,hcorballyio,ffyersio@bloomberg.com,jJ5?|=.F`gqnV
674,hmeranip,mcecilip@google.ru,iH4)Fh=Kp
675,bleghiq,pbreariq@uol.com.br,hJ5'Te1N8!y%>yH
676,gmeindlir,aweildishir@goo.gl,qM0%cGO9`
677,cmerrissonis,zharleis@dell.com,aZ9#kw#O
678,rmorenait,wlorandit@hexun.com,jO0'*Acz
679,fkoppensiu,smccullockiu@hc360.com,tW4)<OM`GPEs+GA#
680,anouryiv,ppoppyiv@webeden.co.uk,fW5+P\V#/!j
681,hconingiw,grobackiw@nymag.com,rI6+?EtNFu`BKj
682,lcrannageix,cgregorattiix@gmpg.org,nR5=3$a|g
683,snelleriy,rgilbeyiy@usa.gov,qR4(1bxSo_v#
684,dbirkbyiz,btippettiz@wisc.edu,"iO4|""dNoH6HHUUF"
685,cmacalroyj0,jlentej0@youku.com,"tY9!_+|""\hv6PDR"
686,cschubuserj1,jantonettij1@tmall.com,hU4?om(Rf
687,mmackessockj2,asutworthj2@gizmodo.com,uZ0&?b5_
688,despj3,ccantyj3@bing.com,sL7=Y}&q!fuFJoH
689,aparminterj4,dcrokerj4@merriam-webster.com,uP1`bh1iVvGtH5
690,athamesj5,cclymerj5@nasa.gov,qD8&squ)ob}7H
691,dcharsleyj6,ljirasekj6@indiegogo.com,"yD5>AU7.\""\gS1e"
692,mfinesj7,jspongj7@jiathis.com,kW9&Vp}Yp|{JJ
693,estourtonj8,jnatonj8@bigcartel.com,"lG5)#Qo,0"
694,tsherrumj9,mnucciij9@myspace.com,uR3!?$pJne/e8
695,everbrugghenja,mmarriottja@patch.com,bU8\vgdOv1
696,toverstreetjb,epettegreejb@harvard.edu,tT4>UPl!b0$
697,cpilsworthjc,fdunbletonjc@telegraph.co.uk,aY0=2rScDg$
698,sdoramjd,aklaaassenjd@pen.io,"dU3,`iY,"
699,nlethbyje,jyeowellje@desdev.cn,xU3'$wnmGtF
700,vennalsjf,thadfieldjf@mail.ru,sX5'*}8m\t7>
701,jmartellinijg,jdoonejg@reverbnation.com,"aS2""Gw9AL!_"
702,robraddenjh,jtrebblejh@cbsnews.com,iC9>Qtm`f
703,seckelsji,dspurriarji@dailymotion.com,nH4`?E8E~14n*Pi
704,pyearnesjj,rtiffinjj@disqus.com,aC0?.G3zeE)c>9)
705,ggynnjk,alittlecotejk@homestead.com,kD7@&7YUH|mxB
706,cfulopjl,mwilderspoonjl@cmu.edu,uL7`P5Jzz
707,bphillipsonjm,mdilkejm@yelp.com,"zX1*ZH=,"
708,vortesjn,vsivyourjn@zdnet.com,"uD5@I680(lTp,FZ"
709,jcoathamjo,zthiemjo@whitehouse.gov,gF6?vZylHMu{
710,saloigijp,jscusejp@usda.gov,hJ8?goJf
711,lkeddlejq,chelliwelljq@slate.com,"iG5@z""+A"
712,rhallidayjr,hrodriguesjr@shop-pro.jp,rI0.UT_g`mOtf
713,lgullisjs,rwarrenerjs@weibo.com,"eT1,|GJ<x%J"
714,ebrookziejt,lgraylingjt@ask.com,wR0*rhVl{C~
715,ewindybankju,amacaneju@youtu.be,vR9#D$dsjXNjWn
716,davonjv,ggimertjv@cloudflare.com,xL0$}'5K~!FHPP
717,ohamleyjw,lhalledayjw@fda.gov,yG3%c0>Gxu&30
718,hgiggsjx,cstollhoferjx@china.com.cn,iV8'UA2bWr\6
719,gaspalljy,rthompstonejy@w3.org,yE4_(eoaZZ<m$
720,schristophersonjz,kstrettelljz@moonfruit.com,fN2|C6/zm`%6#)
721,wmacmurrayk0,jbaccupk0@mac.com,"tI6=G""w9f,J.5Jz9"
722,rkingk1,perangeyk1@hc360.com,yE7+0'lp6#'$?HL
723,rpetronisk2,adarrigok2@pbs.org,eD8}8}sk!L>.D=}a
724,znealonk3,tsiddenk3@is.gd,lB3&FWSB'8
725,skrystekk4,idabesk4@slashdot.org,iQ3{qg)5Un
726,dristk5,obodicumk5@businesswire.com,mL6!isd5}m3MP0Rc
727,acliburnk6,egowardk6@europa.eu,lU0?~$|J+rrWO\y
728,gstainsk7,atorresek7@nyu.edu,"lW7*v|5ar5""%G>{"
729,pguarek8,yogilvyk8@shinystat.com,eN9}\k$I*Og(
730,osmittounek9,ecourtoisk9@chron.com,"dT3!a?\e"""
731,cfinckeka,nleopardka@privacy.gov.au,"xC8_znQbJ|ky""fk"
732,wallnerkb,aparadycekb@wordpress.org,tI1'h.@$
733,jstaggkc,lsewardkc@surveymonkey.com,wZ5\7L<o|=
734,nmarcinkuskd,fchrispinkd@uiuc.edu,"sX8,kBE2h""1B"
735,bdrewke,rletertreke@flickr.com,sV8?wzntaT!`v.Jl
736,isenyardkf,mpiertonkf@blogs.com,"lY2(hO$c77m,R"
737,borrykg,cchantrellkg@globo.com,rT1/&IqpIdSp
738,bbillionkh,sdibiaggikh@npr.org,nI1@HK2ukdRG6(e{
739,gshaweki,mangoveki@is.gd,jZ8!D>)K)
740,kmorrillkj,jjahankj@stanford.edu,gI8=z|_Gg
741,tgrigoryovkk,khynardkk@wix.com,"dB3}SU~W""G}%"
742,ckeeltaghkl,jfileskl@domainmarket.com,qP4?1~i6+3HGKd@D
743,cliebermannkm,cgrousekm@fema.gov,"fS0.\p?b,u6>Q"
744,sbuzinkn,jbeethamkn@free.fr,zM5$%oc<%(m'e
745,sgorsko,pputterillko@youtube.com,cZ0!2%>/gad
746,dchritchlowkp,troafkp@google.de,"qN8/T<Fwx8hM,"
747,kcraisterkq,jelstubkq@e-recht24.de,yZ3(#\0a_}>#B+n
748,fyarwoodkr,vavonkr@hao123.com,uW1!{V6!&m7nWlY+
749,sbeavorsks,rpellattks@topsy.com,"sJ9""\Gj|x7"
750,rkanzlerkt,kavisonkt@wordpress.org,jF6$L>lF+s0g9
751,jbrumenku,wfookesku@umn.edu,zA7'P`UizJbUM?j
752,mcashleykv,ngiovannaccikv@businesswire.com,"pT2""3hKC"
753,jgeavenykw,bscuttskw@marketwatch.com,iK9{ZYs$L
754,afaustkx,ggarrykx@digg.com,lI1+lTnu8
755,ajoplinky,kmebesky@trellian.com,wA5}*<_2Ki.
756,jmadgekz,komullenkz@aboutads.info,dP4}Y>6%{Yj
757,lshelbournel0,pdefewl0@blogs.com,bI8\vb?m)d4PD
758,sbanvillel1,brobackl1@altervista.org,jG9>sFE)Z&
759,lchattingtonl2,dgollingl2@slashdot.org,aH8{CLhAu>lL
760,sroskellyl3,enorriel3@goodreads.com,cC9!c|$~v.@63y6
761,apagraml4,draoultl4@nifty.com,"lW4,637LuC""!5A}D"
762,pbuddl5,docarneyl5@economist.com,iA0~QIt~cwT`
763,salsopl6,mgarroodl6@networksolutions.com,kU2=Tmc`I
764,mcopingl7,dhamptonl7@engadget.com,kQ3`n7%+j{b6
765,lguarinl8,kchmiell8@blogspot.com,kC8(fn0{g
766,jgurwoodl9,amaryetl9@ehow.com,eF8@7$xaEg
767,gperrinsla,alandreanla@slate.com,zH9$Ir!+8?<ULf}n
768,ddanielsohnlb,csalkeldlb@cdc.gov,nH4|XtCoF~Z
769,ccromelc,mnearylc@tmall.com,"vZ6$9z9PsXz,~WN7"
770,dpettetld,lstqueninld@yale.edu,dO9|~rE+k0AJ+~iS
771,llingleyle,nglavele@state.gov,tP0}G@n8c8r#y~q9
772,sforberlf,kgafferlf@newsvine.com,dW1#MA4402/cs45
773,bbotlylg,gcawthornlg@harvard.edu,"oC4,xp,tr,&CH0"
774,jpoltunlh,tstimsonlh@liveinternet.ru,uX8}1B)=vV
775,nperringli,gcrouchli@un.org,fP7'5t0Y{t!\7j+j
776,hhugginlj,bphipplj@mozilla.com,wW3=2MC|0
777,mminichillolk,kfassetlk@xrea.com,tM2$IQ<M\yXf3=%#
778,foruanell,kmccawll@boston.com,mV9<wGJ|xQV#3
779,pdenisovichlm,rpessoldlm@cornell.edu,xU9!P%@)p
780,jzanussiiln,bceeleyln@nydailynews.com,eE1`b$$!35UE0*
781,ahandricklo,eibello@ucoz.com,"kC8\.GXD+EtE""_j"
782,rtakkoslp,dhauxbylp@soundcloud.com,iE2!Z3(}$f
783,amalyonlq,mhayshamlq@gmpg.org,"pY6!1C""m7#Xi_H"
784,edaleslr,abeebelr@bloomberg.com,gD9{.k.#5NLV
785,kcreesls,cgreenhamls@illinois.edu,mJ0<W&<M%
786,wlameylt,cnawtonlt@constantcontact.com,"iL3""@94=U+79V8,U"
787,osirrelllu,dyakubovicslu@arstechnica.com,gY6{g@7$!4}
788,jbroeklv,saddymanlv@tripadvisor.com,tJ2?l`4!
789,targabritelw,krankinlw@cdbaby.com,lR9(F\MKk}d
790,abramsomlx,rgilliselx@fastcompany.com,xE2(Q6Ng
791,dballayly,mglazely@mysql.com,"bV3~""rtUA"
792,mlogglz,mjoblinlz@mozilla.org,"gC1,F>"")"
793,bezzellm0,jgotterm0@epa.gov,"qO4.""=jQ.8M"
794,dmacrom1,jcicconettim1@wunderground.com,sM8$R{#QAw
795,hlidgelym2,cdigwoodm2@a8.net,"qV3{?,3_`*DS9nxb"
796,frookledgem3,cmorriesonm3@businessweek.com,oF5!}%Ba<>xnPR
797,ckornelm4,zcockshutm4@pbs.org,gU7%&=j%NR+N
798,tguidenm5,bhanckem5@dyndns.org,eN2_*9ng
799,emorettom6,hcapplemanm6@scribd.com,dX3'|zi5+&
800,chawyesm7,mlongmeadm7@boston.com,hU4@alNK&*<FW
801,sblondinm8,sgouldstrawm8@ted.com,"cS5!S\tFdxSe"""
802,ehedleym9,kioannoum9@canalblog.com,fR6>z}e!PAKA)
803,hvanmerwema,rbiffenma@youtube.com,"zH1,%*0LLB"
804,heydenmb,mrosebothammb@whitehouse.gov,pO6=`bGM.
805,ttupiemc,cleteurtremc@abc.net.au,nB0*F)`eXq
806,astoddardmd,tearlammd@desdev.cn,uI4/_G*M7{t
807,awellesleyme,mfigiovannime@linkedin.com,zD7<lCgP#LC
808,tpaulemf,mrossettimf@indiegogo.com,sY1(oxI1\1@h4j
809,psteanyngmg,wcudbertsonmg@irs.gov,kM6&aC3i$zX1oF
810,bmcgrearymh,lpaddisonmh@tmall.com,rS7?QOT=
811,lwoodruffemi,krobertimi@nba.com,yK5\&4\xc|
812,mraymondmj,vculbertmj@unc.edu,xK4/xpaU4JO/`
813,lmeachenmk,eclarkemk@over-blog.com,rI0}Lo&DV>W2M
814,adelahuntyml,ewaggeml@marketwatch.com,sS7+e.W4_Hw
815,twarboymm,shastymm@deliciousdays.com,aW3*VW5afY
816,liacovinimn,cmacdirmidmn@auda.org.au,"sW2#N4BNvh@"""
817,lmatasmo,dgrigorescumo@cloudflare.com,fO8{Z=C<Akbuw
818,apurdeymp,ssiemensmp@sitemeter.com,kZ1'ldXvzL53F
819,pkockmq,owilkisonmq@spotify.com,"dO7+Q~'0|C,b*P90"
820,egathermr,qfersonmr@census.gov,"rO1#11,e{"
821,eranscomems,comullanems@imgur.com,"hM1(Zyh4|,,"
822,nbrewsemt,crownmt@ucoz.com,cL0/Kw}G{Hcv%
823,swilbudmu,nbeggsmu@google.co.jp,iA8(SVv0rws\3'
824,ftweddlemv,isomerliemv@whitehouse.gov,xQ4&LZ}ZhRE!
825,rlempennymw,lspiaggiamw@shinystat.com,aZ6*coxnM5/uLw3
826,cbrainmx,ctorrancemx@tinyurl.com,pB3(Z27KV/T
827,lcoenmy,ahazeldeanmy@umich.edu,"qI7""wJoVEw&huRRI"
828,serickssenmz,bredbornmz@epa.gov,iH2?O@T!r0
829,nwatsamn0,abuttreyn0@dot.gov,tQ2+gO#W
830,jpreblen1,bgiann1@geocities.jp,"sE5,OY)e"
831,dtemblettn2,tscurrelln2@mtv.com,tK4.TeB#j2st
832,mchestern3,pdecourcyn3@cbslocal.com,xS8?=DmS/pu4B
833,jspirn4,rsiddlen4@microsoft.com,iG0*7A=Pm2<6w?
834,ulefleyn5,csurgisonn5@apple.com,gA6\j63/.>6~\
835,mdanskinen6,wmansern6@plala.or.jp,yX9>~`_>XYmN8m
836,mpanksn7,jmashn7@ucoz.com,lQ5_'R!J2\
837,ebickersn8,tgethynn8@cnbc.com,"iK0$Jp2""!ec"
838,biacovonen9,hlegionn9@yolasite.com,hS9=qjp7!#SCG
839,dchetwyndna,gtropmanna@chron.com,lZ7)'+5C(#xD
840,nolunneynb,avaneevnb@tiny.cc,qX0*cVPMFQF
841,arosengrennc,fgravenallnc@cbc.ca,iQ6$d}/N0lmqKQK.
842,dstoddnd,wclaricoatsnd@privacy.gov.au,"yF3`z|(U'""dv!"
843,aackermannne,sceeleyne@mozilla.org,"nX4'T7KV3""DI%"
844,ccollomossenf,sbaigrienf@technorati.com,"wK6~9M,~Y>uRb5A"
845,kbarkleyng,dkornng@sohu.com,iD7+GUVX~kGV?
846,klutmannh,cdanieliannh@fastcompany.com,zZ9=5eLY|
847,whustonni,cweblingni@nationalgeographic.com,dU8.U4*t&btQIZb
848,wsantonj,jcurtainnj@163.com,bZ1#F/xB./qf@
849,obusswellnk,mdanneilnk@odnoklassniki.ru,yR5*XJ0P5d6
850,dbrehatnl,afeldbergernl@howstuffworks.com,zD7}Am)QF
851,hfirmagenm,dscarglenm@wisc.edu,dD3}L7RCJQp
852,asteetnn,utitheridgenn@icq.com,dC0&pP/yg*%!C
853,rpierceyno,jcoadyno@youtu.be,pX9~y{rvm<s~
854,ctrenamnp,bdoylendnp@alibaba.com,uK9<ClfvuSx!'
855,rturgoosenq,cseawellnq@gizmodo.com,yE1?m=a32\(GoF
856,lcatchpolenr,elehonnr@japanpost.jp,iC0_}+OT4
857,hmuffenns,mlucens@stumbleupon.com,yI7.9FcKN5'sF
858,gfiennesnt,nmatthewsonnt@ycombinator.com,lN2`j)w\1!dA
859,lcasellasnu,sstrethillnu@imdb.com,dW1|z#m2wFt`R?n
860,kabatenv,bplaschkenv@blogger.com,sJ0}9+ivAllx/
861,kgeaternw,aewingnw@redcross.org,iS1%=AI`2<z}`5E
862,vvanezisnx,amairnx@abc.net.au,aA6`}|~uN.p$\
863,abollardny,rwinchcombny@devhub.com,cE9@YNCM1iwVk#
864,lbeanenz,tadlardnz@ibm.com,uS5`)tQN
865,fsnellmano0,ghayo0@xinhuanet.com,uM9(_|8nL
866,mjimmeso1,hbroscheko1@163.com,lE6&cE4UV{RPS!V
867,amullero2,mmiskino2@oakley.com,vI4}$N6FVTCP
868,ateodoroo3,wmallyao3@imdb.com,gP5|m}R>?xhL.
869,jdeehano4,rmusheto4@smugmug.com,kU1@Wq1w4et
870,gbernadeo5,wbeangeo5@xinhuanet.com,rA0}d2)qp
871,tdaineo6,iyakobowitzo6@va.gov,"hO4),8i7"
872,emaccrossano7,dbexono7@uol.com.br,eF5_~<Zz59/
873,smapplethorpeo8,ubeso8@columbia.edu,"gV4|C~%@""@$|"
874,mhedono9,pphillimoreo9@a8.net,uP0&oE8Vs*<EZ<W/
875,dhinnersoa,mcarletoa@devhub.com,kQ8'P\nZp|}oJ~
876,eleithgoeob,mcardallob@scientificamerican.com,jK3?5XHgKHrJNW.
877,tsiberyoc,sdavidsenoc@yandex.ru,dU9*aDYt1zWC.}b
878,efackrellod,dwentworthod@yelp.com,wM8%_~r\Y
879,hhehiroe,kurridgeoe@netlog.com,sI4!1=G46KWTa1nm
880,jhadwickof,jdyottof@over-blog.com,"hZ0\,g~Iym"
881,ldefilippoog,bcartwrightog@ted.com,"rN8""hW.w9"
882,thaxleyoh,floacheoh@answers.com,"cI7*>""ksv$w`m~db"
883,aprendergastoi,mburwinoi@tinypic.com,vW3?k$L.F
884,mhanningoj,aquaintanceoj@macromedia.com,"gD4~vap_su9,"
885,wlintillok,bvoyceok@geocities.com,aS1<>hO/*if~/
886,fpiatkowol,mmacadamol@ucoz.com,rL4+a`Z*F&O<0~
887,msparwayom,mdommom@livejournal.com,nJ8|gYIoHz<JU>
888,dclarkinon,mtrustrieon@nifty.com,cZ8%#Qm=e/%}$)Db
889,echieneoo,imillanoo@census.gov,tZ3@3ctj
890,sdibaudiop,aespinalop@nps.gov,"pE7""a.4if"
891,epearsonoq,lbrennansoq@blogspot.com,pY9$Gt)x
892,jalkeror,slaloror@blog.com,kS0=|t7`%/
893,ljouannotos,hhawkeswoodos@youku.com,lY3/W8z4}5I
894,lslocomot,kniccolsot@w3.org,nR9.s>+*
895,rbowryou,fcooperou@jiathis.com,uL2%@dUtqmv
896,lcloonanov,ldiangeloov@netscape.com,"jD2{lsNNfwp,"
897,kcarlisiow,jhughesow@umn.edu,lD9@D9*1MTv
898,edonwellox,rhalfhideox@usda.gov,"bJ6~N}2,2q!G"
899,kwinghamoy,rslowgroveoy@naver.com,bC5&.B@K!RiVA4
900,lcraggoz,kabelovitzoz@tmall.com,"uZ7`jKD_hV1""n&u"
901,rwhitlamp0,msutheranp0@cam.ac.uk,"vU7\s7""U,P"
902,esouthcoatp1,ggallaherp1@fastcompany.com,"jD4\QG\U,z=mj"
903,dhoferp2,sbiernackip2@purevolume.com,uW4=D+L#+xwO/C
904,lschulterp3,emosep3@japanpost.jp,qZ1(FC\>
905,jburniep4,tgallacciop4@angelfire.com,eL7_.yKIb3cZ
906,dscuphamp5,skenefordp5@ustream.tv,"pQ0<QE9THvO'o""}"
907,ljanousekp6,mclaguep6@paypal.com,nN1(6qgSrg>D3+@
908,asellarp7,ocordreyp7@washington.edu,lP4.|\Q}g
909,ocadmanp8,abrynsp8@ucla.edu,"nC2,?g}8*v"
910,jedgecumbep9,bguillonp9@cargocollective.com,"fY6%,z'LX9H`T"
911,dwraggpa,jfulfordpa@reference.com,"rJ7`$K'2'U,oo$N3"
912,tverdypb,jrobezpb@indiegogo.com,mT6_gWcVC{
913,dwelbandpc,hhaetpc@globo.com,sB4)Q_(b/Nz5+@
914,gzutepd,cfiskepd@cisco.com,vC7<ylq~~x+
915,cchuepe,fsleitpe@yandex.ru,"iY5@jy2,G"
916,hdicarlipf,toscroftpf@livejournal.com,"pU7,!8OPcsIx,"
917,rmoncktonpg,asrawleypg@cnn.com,jT1$Rt5@8BprE\\
918,abamletph,pcasbonph@indiatimes.com,jC9_)PeAWX.xp7
919,dlockhartpi,dfernanpi@vinaora.com,xR3|Jz++K
920,dewartpj,jduckettpj@time.com,fC1&x@>N)mt
921,bdecruzpk,lsawyerspk@census.gov,gQ2?8Mv0)7k
922,pkarpeevpl,anewcompl@g.co,"nB3_bD/wxb@9%"""
923,warkilpm,eboormanpm@taobao.com,dJ1@Txnh+e`o
924,tstowerpn,inylandpn@nsw.gov.au,wG4?BCuTZ1m
925,rbourtoumieuxpo,eolivipo@opensource.org,aO4*gTc/w}%g'
926,yclarycottpp,kburlpp@miibeian.gov.cn,fV3_g`T{o
927,bcowinpq,mhuguenetpq@reuters.com,gZ5=T1uq$/VVw%L
928,dbinerpr,jselveypr@xing.com,bY6*DFxd&j|e`
929,osainerps,cratheps@go.com,qA9>'?t\?7ONjRin
930,tkezarpt,wberisfordpt@ovh.net,xL8=YSA9
931,htinseypu,mminghettipu@globo.com,aG5<98gO
932,jbaggarleypv,ccuseckpv@feedburner.com,dN0+2'~kue
933,dhachardpw,epayspw@foxnews.com,lY1|3f%F|
934,kcrohanpx,pslightpx@opensource.org,oJ1!cc=>.6@v`$2
935,jmynardpy,echevalierpy@state.tx.us,lF8(dNS)h
936,fgrimstonpz,cburraspz@google.ru,tX0#||vw+f`y
937,tcheerq0,leverittq0@indiegogo.com,cX6\gV9yEHGV+
938,dfrandsenq1,isultanq1@blinklist.com,qA5!469Ds
939,blimrickq2,rsineq2@dailymail.co.uk,vM5%%62MD@wi
940,fcathieq3,ccrosselandq3@amazon.co.jp,hY9*LdIR(/Q70k
941,smaddafordq4,bpieleq4@parallels.com,zD7!SNF8+y2\t_`_
942,fbohmanq5,rbergq5@reddit.com,tB7}_Ngw`4`a
943,sbrokenshireq6,horchartq6@cbc.ca,kR1?caR~3xZ8xyL
944,pwillarsq7,aellettq7@taobao.com,"yM9=mzFv\UD""ZLJ"
945,koughtonq8,sabernethyq8@fastcompany.com,zM2+R)f~#
946,afraczekq9,mdorwardq9@amazon.co.uk,eZ4{j1PgZCW4
947,sfettisqa,fhaistwellqa@desdev.cn,cE0*z#nuhf/i$
948,kgaucherqb,bmacwilliamqb@so-net.ne.jp,lW7{kxX&uJB?k?#&
949,gpeetermannqc,nbrendqc@google.co.jp,dZ9/h>$R+L.
950,cravenscroftqd,abugdellqd@usda.gov,cX8%CAl$'85e
951,bkenanqe,wstubbertqe@elpais.com,yE2{0'P)5w(f
952,frennebachqf,lpietersmaqf@uol.com.br,zP3'gvAEH!1!hpCk
953,tmegarrellqg,kealesqg@paginegialle.it,nB1()AxpFgrOcP/
954,aloomisqh,mguttridgeqh@gravatar.com,jW1$9ukjKn&
955,mwilkinsonqi,rlathyqi@chron.com,jA6)'+Af
956,vhelianqj,jchesonqj@dropbox.com,zE6+.xVoi&I~v\
957,sdavsonqk,tdelmageqk@multiply.com,jU1}%3'0NNn17
958,doughtrightql,fgonningql@miitbeian.gov.cn,rY7!vlalU/#$
959,mauselloqm,omewettqm@marketwatch.com,kG7=e)IoPufz
960,sstroverqn,tgaenorqn@bing.com,sI5}@fa}=5r
961,vlinchqo,tgranhamqo@weather.com,sA2/}a|*'n`%
962,akenchqp,lvandevliesqp@canalblog.com,"nX5#6bL2,QZ"
963,rmactrusteyqq,ajaquinqq@deliciousdays.com,sC7/nG$<1T!rdRJW
964,gjacquemeqr,alethcoeqr@scientificamerican.com,wZ1&!R(o3@
965,cstobbeqs,sprazorqs@unblog.fr,vQ5>1/@<R~v03F
966,rlithcowqt,rnerneyqt@clickbank.net,wW3~&tdWJ|sO
967,pgeillierqu,bhuchotqu@liveinternet.ru,"aJ6{,`hGTV&WH"
968,aburcherqv,asenescallqv@princeton.edu,"fE0|DnI""=*%u}J1E"
969,bbyerqw,mmarczykqw@chron.com,"sW9,4tKLSf"
970,ksclandersqx,zcutajarqx@exblog.jp,tK1\|g6@.Eyv{X4&
971,ljainqy,bsollomqy@skype.com,"lA3=N|1d}*0B8c"""
972,cibanqz,dmolfinoqz@tinypic.com,aD5?hh_I39D
973,moloughranr0,jchopinr0@amazon.co.uk,"rP1/@MhE#,"
974,lingerr1,dcalveyr1@oracle.com,nK7&xj|ht
975,ledkinsr2,hslatefordr2@github.com,yI0.a_J}#X
976,mcockrillr3,dfreezerr3@merriam-webster.com,"oI6""tRg7(,."
977,tbarthrupr4,mhabbemar4@google.co.jp,uC7\P22Pw&z=ZgEI
978,mblankleyr5,kshanleyr5@newsvine.com,lE1}a7.fl3MRT*?x
979,nmaltmanr6,bshaperar6@ted.com,"zS1,5r8c"
980,csudellr7,rcoggeshallr7@booking.com,fB6!fK(TJ4v92
981,dharyngtonr8,cscrogginsr8@wikispaces.com,"mP2~cROsn""?g"
982,lschustr9,plippiattr9@github.com,oJ6&7lTB
983,adenysra,cpalleyra@dropbox.com,nH9%*ZEqQ==Ep0P
984,dmessiterrb,igodsaferb@flavors.me,kI1!`ofHU)
985,cabilowitzrc,lpancoustrc@symantec.com,xN3/t2*n1>N
986,atowersrd,mmaccafferyrd@php.net,jC6#H\z_P*dmC0G7
987,mdelcastelre,ddaltonre@oracle.com,qW1(RI=QwnRN
988,dmcgeachyrf,nnicolrf@ucoz.ru,dC5_~H~V.Z|jw
989,nstpierrerg,agotlifferg@mail.ru,bZ4=HVR(eiv6|xE7
990,sbousfieldrh,lvanhaeftenrh@t.co,nC3?6*lb6
991,pbarmadierri,yskirlingri@soundcloud.com,"oL7{w""O,*N'iN`"
992,bjindracekrj,gmorsomrj@topsy.com,eJ9{AsVZF+
993,bstanfieldrk,fboxerk@t.co,qN6_gh)R
994,mpatronrl,mransburyrl@yolasite.com,zY9{=x27
995,mmacksteadrm,amcphaterrm@go.com,xD5{q8ZLB{
996,gscantleberryrn,lgronauerrn@google.de,"lG9$g""{2KLh"""
997,ijacquemotro,cbishoppro@discovery.com,kH3`PiI>IUx1W
998,tcattermullrp,hfussierp@rakuten.co.jp,mK9|_QO8fGQ/@
999,aheinsenrq,millsleyrq@examiner.com,iT4<+FK0
1000,mwebbrr,tsokalerr@i2i.jp,vA9()9z|N}|D.
